url,qty_dot_url,qty_hyphen_url,qty_slash_url,length_url,qty_dot_domain,qty_hyphen_domain,qty_vowels_domain,domain_length,qty_dot_directory,qty_hyphen_directory,qty_underline_directory,qty_slash_directory,qty_at_directory,qty_comma_directory,qty_plus_directory,qty_percent_directory,directory_length,qty_dot_file,qty_hyphen_file,qty_underline_file,qty_slash_file,qty_at_file,qty_and_file,qty_comma_file,qty_percent_file,file_length,qty_dot_params,qty_and_params,params_length,time_response,domain_spf,asn_ip,time_domain_activation,time_domain_expiration,qty_ip_resolved,qty_nameservers,qty_mx_servers,ttl_hostname,tls_ssl_certificate,qty_redirects
http://bt1business.office.gov/#section,2,0,3,38,2,0,7,22,0,0,0,1,0,0,0,0,1,0,0,0,0,0,0,0,0,0,0,0,0,-1,-1,-1,-1,-1,0,0,0,-1,0,-1
http://phaantommwalletexttens.gitbook.xyz:80/products/services?id=1090,2,0,4,70,2,0,10,37,0,0,0,2,0,0,0,0,18,0,0,0,0,0,0,0,0,8,0,0,7,-1,-1,-1,-1,-1,0,0,0,-1,0,0
https://docs.weebly.edu:443/products/data/contact?ref=7896,2,0,5,58,2,0,5,19,0,0,0,3,0,0,0,0,22,0,0,0,0,0,0,0,0,7,0,0,8,-1,-1,-1,-1,-1,0,0,0,-1,0,-1
https://www.webflow.gov/data#section,2,0,3,36,2,0,3,15,0,0,0,1,0,0,0,0,5,0,0,0,0,0,0,0,0,4,0,0,0,-1,-1,-1,-1,-1,0,0,0,-1,0,-1
http://i-wyomingcommunity.web.xyz:80/,2,1,3,37,2,1,7,29,0,0,0,1,0,0,0,0,1,0,0,0,0,0,0,0,0,0,0,0,0,-1,-1,-1,-1,-1,0,0,0,-1,0,0
http://adkjcqkuz.chequeenergies.gov:8080/products/api/products?session=6623&page=8705&id=8857#top,2,0,5,97,2,0,10,33,0,0,0,3,0,0,0,0,22,0,0,0,0,0,0,0,0,8,0,2,30,-1,-1,-1,-1,-1,0,0,0,-1,0,-1
https://ipfs.hyperphp.xyz/contact/services/home#content,2,0,5,55,2,0,2,17,0,0,0,3,0,0,0,0,22,0,0,0,0,0,0,0,0,4,0,0,0,-1,-1,-1,-1,-1,0,0,0,-1,0,-1
https://docs.workers.org/search,2,0,3,31,2,0,4,16,0,0,0,1,0,0,0,0,7,0,0,0,0,0,0,0,0,6,0,0,0,-1,-1,-1,822439800,-1,0,0,0,-1,0,-1
http://ladgerliveloginn.firebaseapp.net/search/services/profile,2,0,5,63,2,0,12,32,0,0,0,3,0,0,0,0,24,0,0,0,0,0,0,0,0,7,0,0,0,-1,-1,-1,1685452700,1748611100,0,0,0,-1,0,-1
http://trazaap.ead.net/user/services/products?session=8200&id=2233&ref=4304,2,0,5,75,2,0,6,15,0,0,0,3,0,0,0,0,23,0,0,0,0,0,0,0,0,8,0,2,29,0.06341934204101562,1,"""45.33.20.235"",""63949"",""45.33.0.0/19"",""AKAMAI-LINODE-AP",-1,1793424313,12,0,0,9,0,-1
http://emiduhfkjroencoswemexyoge.pl-oferta-id2387942371.net/api?id=9012&session=3685&page=1124,2,2,3,94,2,2,15,52,0,0,0,1,0,0,0,0,4,0,0,0,0,0,0,0,0,3,0,2,30,-1,-1,-1,-1,-1,0,0,0,-1,0,-1
http://sites.weeblysite.net/#content,2,0,3,36,2,0,7,20,0,0,0,1,0,0,0,0,1,0,0,0,0,0,0,0,0,0,0,0,0,-1,-1,-1,-1,-1,0,0,0,-1,0,-1
http://docs.google.io/contact/contact?ref=2863,2,0,4,46,2,0,6,14,0,0,0,2,0,0,0,0,16,0,0,0,0,0,0,0,0,7,0,0,8,-1,-1,-1,1033414200,1759174200,0,0,0,-1,0,-1
https://bafkreickndlj47y6qu7hwup4.wepik.com:443/search/about/profile,2,0,5,68,2,0,8,39,0,0,0,3,0,0,0,0,21,0,0,0,0,0,0,0,0,7,0,0,0,-1,-1,-1,-1,-1,0,0,0,-1,0,-1
https://dbs.q-r.io/search?ref=5611,2,1,3,34,2,1,2,10,0,0,0,1,0,0,0,0,7,0,0,0,0,0,0,0,0,6,0,0,8,0.0040895938873291016,1,"""103.224.182.214"",""133618"",""103.224.182.0/23"",""TRELLIAN-AS-AP",1719487820,1751023820,1,2,1,2932,1,1
https://trezorioapkp.gitbook.info/,2,0,3,34,2,0,10,25,0,0,0,1,0,0,0,0,1,0,0,0,0,0,0,0,0,0,0,0,0,-1,-1,-1,1714188360,1745724360,0,0,2,-1,0,-1
http://edavki-8a186.qrco.org/about/search/search?page=4969&session=3094&ref=8378,2,1,5,80,2,1,6,21,0,0,0,3,0,0,0,0,20,0,0,0,0,0,0,0,0,6,0,2,31,0.008884191513061523,-1,"""13.248.169.48"",""16509"",""13.248.160.0/20"",""AMAZON-02,",1598728765,1756495165,2,2,0,2941,0,0
https://help--extenssion--cionbase.gitbook.gov:443/search/api,2,4,4,61,2,4,13,42,0,0,0,2,0,0,0,0,11,0,0,0,0,0,0,0,0,3,0,0,0,-1,-1,-1,-1,-1,0,0,0,-1,0,-1
http://lluuu.gitbook.org/services?ref=5259,2,0,3,42,2,0,7,17,0,0,0,1,0,0,0,0,9,0,0,0,0,0,0,0,0,8,0,0,8,0.0073757171630859375,1,"""76.223.54.146"",""16509"",""76.223.48.0/20"",""AMAZON-02,",1428713145,1775868345,2,2,0,2942,0,-1
http://metafb-stursvw.gitbook.edu/data/products/user,2,1,5,52,2,1,8,26,0,0,0,3,0,0,0,0,19,0,0,0,0,0,0,0,0,4,0,0,0,-1,-1,-1,-1,-1,0,0,0,-1,0,-1
https://usps.gitbook.gov/contact/home/contact,2,0,5,45,2,0,5,16,0,0,0,3,0,0,0,0,21,0,0,0,0,0,0,0,0,7,0,0,0,-1,-1,-1,-1,-1,0,0,0,-1,0,-1
http://web3vxodus-wllet.replit.xyz/,2,1,3,35,2,1,6,27,0,0,0,1,0,0,0,0,1,0,0,0,0,0,0,0,0,0,0,0,0,-1,-1,-1,1643158851,1769452199,0,0,0,-1,0,-1
http://tigilis.6834324.org/profile#top,2,0,3,38,2,0,4,19,0,0,0,1,0,0,0,0,8,0,0,0,0,0,0,0,0,7,0,0,0,-1,-1,-1,-1,-1,0,0,0,-1,0,-1
https://docs.gitbook.xyz/contact#main,2,0,3,37,2,0,4,16,0,0,0,1,0,0,0,0,8,0,0,0,0,0,0,0,0,7,0,0,0,1.2513086795806885,-1,"""199.59.243.228"",""16509"",""199.59.243.0/24"",""AMAZON-02,",1717423267,1748975399,1,0,0,33,0,-1
https://auth-liveledger.internoobs.edu/user?session=5019,2,1,3,56,2,1,12,30,0,0,0,1,0,0,0,0,5,0,0,0,0,0,0,0,0,4,0,0,12,-1,-1,-1,-1,-1,0,0,0,-1,0,-1
https://www.cl-pojd.com/user/user/user,2,1,5,38,2,1,2,15,0,0,0,3,0,0,0,0,15,0,0,0,0,0,0,0,0,4,0,0,0,-1,-1,-1,-1,-1,0,0,0,-1,0,-1
https://r.gtexprers.edu/#content,2,0,3,32,2,0,4,15,0,0,0,1,0,0,0,0,1,0,0,0,0,0,0,0,0,0,0,0,0,-1,-1,-1,-1,-1,0,0,0,-1,0,-1
http://new.workers.org:80/data,2,0,3,30,2,0,4,18,0,0,0,1,0,0,0,0,5,0,0,0,0,0,0,0,0,4,0,0,0,-1,-1,-1,-1,-1,0,0,0,-1,0,-1
https://pub-d4a0c8f0c6f04d67bdbbb.webflow.gov/,2,1,3,46,2,1,5,37,0,0,0,1,0,0,0,0,1,0,0,0,0,0,0,0,0,0,0,0,0,-1,-1,-1,-1,-1,0,0,0,-1,0,-1
http://fbreview1008237587872.phantm.org/,2,0,3,40,2,0,5,32,0,0,0,1,0,0,0,0,1,0,0,0,0,0,0,0,0,0,0,0,0,-1,-1,-1,1725890696,1757426696,0,0,0,-1,0,-1
http://docs.thirdwebipfs.gov/?ref=7935&id=4428,2,0,3,46,2,0,5,21,0,0,0,1,0,0,0,0,1,0,0,0,0,0,0,0,0,0,0,1,16,-1,-1,-1,-1,-1,0,0,0,-1,0,-1
https://verify-that-you-are-human.gitbook.edu/api/products#section,2,4,4,66,2,4,14,37,0,0,0,2,0,0,0,0,13,0,0,0,0,0,0,0,0,8,0,0,0,-1,-1,-1,-1,-1,0,0,0,-1,0,-1
http://bitmioret-lgin.gitbook.info/,2,1,3,35,2,1,10,27,0,0,0,1,0,0,0,0,1,0,0,0,0,0,0,0,0,0,0,0,0,-1,-1,-1,1714188360,1745724360,0,0,2,-1,0,-1
http://provinsoliax.google.com/about?ref=4004,2,0,3,45,2,0,9,23,0,0,0,1,0,0,0,0,6,0,0,0,0,0,0,0,0,5,0,0,8,-1,-1,-1,874276200,1852497000,0,0,0,-1,0,-1
http://geimuineluslugin.webflow.edu/api/search/search?id=7584&session=8329&page=7989#top,2,0,5,88,2,0,12,28,0,0,0,3,0,0,0,0,18,0,0,0,0,0,0,0,0,6,0,2,30,-1,-1,-1,-1,-1,0,0,0,-1,0,-1
http://ryanml.encr.xyz/#content,2,0,3,31,2,0,2,15,0,0,0,1,0,0,0,0,1,0,0,0,0,0,0,0,0,0,0,0,0,-1,-1,-1,1730727456,-1,0,0,0,-1,0,-1
https://show.com.org:443/services/services#top,2,0,4,46,2,0,3,16,0,0,0,2,0,0,0,0,18,0,0,0,0,0,0,0,0,8,0,0,0,-1,-1,-1,-1,-1,0,0,0,-1,0,-1
http://www.web.info/services/user/contact?session=2525&page=6303&id=9380#section,2,0,5,80,2,0,3,12,0,0,0,3,0,0,0,0,22,0,0,0,0,0,0,0,0,7,0,2,30,-1,-1,-1,-1,-1,0,0,0,-1,0,-1
http://new.weebly.gov/#content,2,0,3,30,2,0,4,14,0,0,0,1,0,0,0,0,1,0,0,0,0,0,0,0,0,0,0,0,0,-1,-1,-1,-1,-1,0,0,0,-1,0,-1
http://nexttech-solutions-pdf.google.com/products/api,2,2,4,53,2,2,10,33,0,0,0,2,0,0,0,0,13,0,0,0,0,0,0,0,0,3,0,0,0,-1,-1,-1,874276200,1852497000,0,0,0,-1,0,-1
https://www.webflow.com/data/data,2,0,4,33,2,0,3,15,0,0,0,2,0,0,0,0,10,0,0,0,0,0,0,0,0,4,0,0,0,0.07474541664123535,-1,"""54.236.67.182"",""14618"",""54.236.64.0/18"",""AMAZON-AES,",1049118393,1872973799,3,4,5,30,1,1
https://kucinlogjiini.gitbook.net/?session=7527&page=1044,2,0,3,57,2,0,10,25,0,0,0,1,0,0,0,0,1,0,0,0,0,0,0,0,0,0,0,1,22,-1,-1,-1,1444429754,1760048954,0,0,0,-1,0,-1
https://sso-robinhood--auth.us-usps-ktren.org:8080/home/data?page=9356,2,5,4,70,2,5,11,42,0,0,0,2,0,0,0,0,10,0,0,0,0,0,0,0,0,4,0,0,9,-1,-1,-1,-1,-1,0,0,0,-1,0,-1
https://apricotmelly.realestateonline.org:80/,2,0,3,45,2,0,13,36,0,0,0,1,0,0,0,0,1,0,0,0,0,0,0,0,0,0,0,0,0,-1,-1,-1,-1,-1,0,0,0,-1,0,-1
https://dobreusluge.bit.io/#content,2,0,3,35,2,0,8,18,0,0,0,1,0,0,0,0,1,0,0,0,0,0,0,0,0,0,0,0,0,-1,-1,-1,1146458641,1903841041,0,0,0,-1,0,-1
http://bafybeidg2kt7gtu3mtxxpecr.godaddysites.gov/api/data?session=6877&id=7706&ref=1068,2,0,4,88,2,0,10,42,0,0,0,2,0,0,0,0,9,0,0,0,0,0,0,0,0,4,0,2,29,-1,-1,-1,-1,-1,0,0,0,-1,0,-1
https://pub-a46d07defbb247079df26.tinyurl.gov/data/profile#section,2,1,4,66,2,1,6,37,0,0,0,2,0,0,0,0,13,0,0,0,0,0,0,0,0,7,0,0,0,-1,-1,-1,-1,-1,0,0,0,-1,0,-1
http://docs.firebaseapp.io/,2,0,3,27,2,0,8,19,0,0,0,1,0,0,0,0,1,0,0,0,0,0,0,0,0,0,0,0,0,-1,-1,-1,-1,-1,0,0,0,-1,0,-1
http://bt1business.office.gov/#section,2,0,3,38,2,0,7,22,0,0,0,1,0,0,0,0,1,0,0,0,0,0,0,0,0,0,0,0,0,-1,-1,-1,-1,-1,0,0,0,-1,0,-1
http://phaantommwalletexttens.gitbook.xyz:80/products/services?id=1090,2,0,4,70,2,0,10,37,0,0,0,2,0,0,0,0,18,0,0,0,0,0,0,0,0,8,0,0,7,-1,-1,-1,-1,-1,0,0,0,-1,0,0
https://docs.weebly.edu:443/products/data/contact?ref=7896,2,0,5,58,2,0,5,19,0,0,0,3,0,0,0,0,22,0,0,0,0,0,0,0,0,7,0,0,8,-1,-1,-1,-1,-1,0,0,0,-1,0,-1
https://www.webflow.gov/data#section,2,0,3,36,2,0,3,15,0,0,0,1,0,0,0,0,5,0,0,0,0,0,0,0,0,4,0,0,0,-1,-1,-1,-1,-1,0,0,0,-1,0,-1
http://i-wyomingcommunity.web.xyz:80/,2,1,3,37,2,1,7,29,0,0,0,1,0,0,0,0,1,0,0,0,0,0,0,0,0,0,0,0,0,-1,-1,-1,-1,-1,0,0,0,-1,0,0
http://adkjcqkuz.chequeenergies.gov:8080/products/api/products?session=6623&page=8705&id=8857#top,2,0,5,97,2,0,10,33,0,0,0,3,0,0,0,0,22,0,0,0,0,0,0,0,0,8,0,2,30,-1,-1,-1,-1,-1,0,0,0,-1,0,-1
https://ipfs.hyperphp.xyz/contact/services/home#content,2,0,5,55,2,0,2,17,0,0,0,3,0,0,0,0,22,0,0,0,0,0,0,0,0,4,0,0,0,-1,-1,-1,-1,-1,0,0,0,-1,0,-1
https://docs.workers.org/search,2,0,3,31,2,0,4,16,0,0,0,1,0,0,0,0,7,0,0,0,0,0,0,0,0,6,0,0,0,-1,-1,-1,822439800,1769297400,0,0,0,-1,0,-1
http://ladgerliveloginn.firebaseapp.net/search/services/profile,2,0,5,63,2,0,12,32,0,0,0,3,0,0,0,0,24,0,0,0,0,0,0,0,0,7,0,0,0,-1,-1,-1,1685452700,1748611100,0,0,0,-1,0,-1
http://trazaap.ead.net/user/services/products?session=8200&id=2233&ref=4304,2,0,5,75,2,0,6,15,0,0,0,3,0,0,0,0,23,0,0,0,0,0,0,0,0,8,0,2,29,0.05809473991394043,1,"""96.126.123.244"",""63949"",""96.126.112.0/20"",""AKAMAI-LINODE-AP",972973513,1793424313,12,2,1,171,0,0
http://emiduhfkjroencoswemexyoge.pl-oferta-id2387942371.net/api?id=9012&session=3685&page=1124,2,2,3,94,2,2,15,52,0,0,0,1,0,0,0,0,4,0,0,0,0,0,0,0,0,3,0,2,30,-1,-1,-1,-1,-1,0,0,0,-1,0,-1
http://sites.weeblysite.net/#content,2,0,3,36,2,0,7,20,0,0,0,1,0,0,0,0,1,0,0,0,0,0,0,0,0,0,0,0,0,-1,-1,-1,-1,-1,0,0,0,-1,0,-1
http://docs.google.io/contact/contact?ref=2863,2,0,4,46,2,0,6,14,0,0,0,2,0,0,0,0,16,0,0,0,0,0,0,0,0,7,0,0,8,-1,-1,-1,1033414200,1759174200,0,0,0,-1,0,-1
https://bafkreickndlj47y6qu7hwup4.wepik.com:443/search/about/profile,2,0,5,68,2,0,8,39,0,0,0,3,0,0,0,0,21,0,0,0,0,0,0,0,0,7,0,0,0,-1,-1,-1,-1,-1,0,0,0,-1,0,-1
https://dbs.q-r.io/search?ref=5611,2,1,3,34,2,1,2,10,0,0,0,1,0,0,0,0,7,0,0,0,0,0,0,0,0,6,0,0,8,0.0,1,"""103.224.182.214"",""133618"",""103.224.182.0/23"",""TRELLIAN-AS-AP",1719487820,1751023820,1,2,1,2516,1,1
https://trezorioapkp.gitbook.info/,2,0,3,34,2,0,10,25,0,0,0,1,0,0,0,0,1,0,0,0,0,0,0,0,0,0,0,0,0,-1,-1,-1,1714188360,1745724360,0,0,2,-1,0,-1
http://edavki-8a186.qrco.org/about/search/search?page=4969&session=3094&ref=8378,2,1,5,80,2,1,6,21,0,0,0,3,0,0,0,0,20,0,0,0,0,0,0,0,0,6,0,2,31,0.0004971027374267578,-1,"""13.248.169.48"",""16509"",""13.248.160.0/20"",""AMAZON-02,",1598728765,1756495165,2,2,0,2526,0,0
https://help--extenssion--cionbase.gitbook.gov:443/search/api,2,4,4,61,2,4,13,42,0,0,0,2,0,0,0,0,11,0,0,0,0,0,0,0,0,3,0,0,0,-1,-1,-1,-1,-1,0,0,0,-1,0,-1
http://lluuu.gitbook.org/services?ref=5259,2,0,3,42,2,0,7,17,0,0,0,1,0,0,0,0,9,0,0,0,0,0,0,0,0,8,0,0,8,0.0,1,"""76.223.54.146"",""16509"",""76.223.48.0/20"",""AMAZON-02,",1428713145,1775868345,2,2,0,2529,0,0
http://metafb-stursvw.gitbook.edu/data/products/user,2,1,5,52,2,1,8,26,0,0,0,3,0,0,0,0,19,0,0,0,0,0,0,0,0,4,0,0,0,-1,-1,-1,-1,-1,0,0,0,-1,0,-1
https://usps.gitbook.gov/contact/home/contact,2,0,5,45,2,0,5,16,0,0,0,3,0,0,0,0,21,0,0,0,0,0,0,0,0,7,0,0,0,-1,-1,-1,-1,-1,0,0,0,-1,0,-1
http://web3vxodus-wllet.replit.xyz/,2,1,3,35,2,1,6,27,0,0,0,1,0,0,0,0,1,0,0,0,0,0,0,0,0,0,0,0,0,-1,-1,-1,1643158851,1769452199,0,0,0,-1,0,-1
http://tigilis.6834324.org/profile#top,2,0,3,38,2,0,4,19,0,0,0,1,0,0,0,0,8,0,0,0,0,0,0,0,0,7,0,0,0,-1,-1,-1,-1,-1,0,0,0,-1,0,-1
https://docs.gitbook.xyz/contact#main,2,0,3,37,2,0,4,16,0,0,0,1,0,0,0,0,8,0,0,0,0,0,0,0,0,7,0,0,0,0.08421969413757324,-1,"""199.59.243.228"",""16509"",""199.59.243.0/24"",""AMAZON-02,",1717423267,1748975399,1,0,0,35,0,-1
https://auth-liveledger.internoobs.edu/user?session=5019,2,1,3,56,2,1,12,30,0,0,0,1,0,0,0,0,5,0,0,0,0,0,0,0,0,4,0,0,12,-1,-1,-1,-1,-1,0,0,0,-1,0,-1
https://www.cl-pojd.com/user/user/user,2,1,5,38,2,1,2,15,0,0,0,3,0,0,0,0,15,0,0,0,0,0,0,0,0,4,0,0,0,-1,-1,-1,-1,-1,0,0,0,-1,0,-1
https://r.gtexprers.edu/#content,2,0,3,32,2,0,4,15,0,0,0,1,0,0,0,0,1,0,0,0,0,0,0,0,0,0,0,0,0,-1,-1,-1,-1,-1,0,0,0,-1,0,-1
http://new.workers.org:80/data,2,0,3,30,2,0,4,18,0,0,0,1,0,0,0,0,5,0,0,0,0,0,0,0,0,4,0,0,0,-1,-1,-1,-1,-1,0,0,0,-1,0,-1
https://pub-d4a0c8f0c6f04d67bdbbb.webflow.gov/,2,1,3,46,2,1,5,37,0,0,0,1,0,0,0,0,1,0,0,0,0,0,0,0,0,0,0,0,0,-1,-1,-1,-1,-1,0,0,0,-1,0,-1
http://fbreview1008237587872.phantm.org/,2,0,3,40,2,0,5,32,0,0,0,1,0,0,0,0,1,0,0,0,0,0,0,0,0,0,0,0,0,-1,-1,-1,1725890696,1757426696,0,0,0,-1,0,-1
http://docs.thirdwebipfs.gov/?ref=7935&id=4428,2,0,3,46,2,0,5,21,0,0,0,1,0,0,0,0,1,0,0,0,0,0,0,0,0,0,0,1,16,-1,-1,-1,-1,-1,0,0,0,-1,0,-1
https://verify-that-you-are-human.gitbook.edu/api/products#section,2,4,4,66,2,4,14,37,0,0,0,2,0,0,0,0,13,0,0,0,0,0,0,0,0,8,0,0,0,-1,-1,-1,-1,-1,0,0,0,-1,0,-1
http://bitmioret-lgin.gitbook.info/,2,1,3,35,2,1,10,27,0,0,0,1,0,0,0,0,1,0,0,0,0,0,0,0,0,0,0,0,0,-1,-1,-1,1714188360,1745724360,0,0,2,-1,0,-1
http://provinsoliax.google.com/about?ref=4004,2,0,3,45,2,0,9,23,0,0,0,1,0,0,0,0,6,0,0,0,0,0,0,0,0,5,0,0,8,-1,-1,-1,874276200,1852497000,0,0,0,-1,0,-1
http://geimuineluslugin.webflow.edu/api/search/search?id=7584&session=8329&page=7989#top,2,0,5,88,2,0,12,28,0,0,0,3,0,0,0,0,18,0,0,0,0,0,0,0,0,6,0,2,30,-1,-1,-1,-1,-1,0,0,0,-1,0,-1
http://ryanml.encr.xyz/#content,2,0,3,31,2,0,2,15,0,0,0,1,0,0,0,0,1,0,0,0,0,0,0,0,0,0,0,0,0,-1,-1,-1,1730727456,1762280999,0,0,0,-1,0,-1
https://show.com.org:443/services/services#top,2,0,4,46,2,0,3,16,0,0,0,2,0,0,0,0,18,0,0,0,0,0,0,0,0,8,0,0,0,-1,-1,-1,-1,-1,0,0,0,-1,0,-1
http://www.web.info/services/user/contact?session=2525&page=6303&id=9380#section,2,0,5,80,2,0,3,12,0,0,0,3,0,0,0,0,22,0,0,0,0,0,0,0,0,7,0,2,30,-1,-1,-1,-1,-1,0,0,0,-1,0,-1
http://new.weebly.gov/#content,2,0,3,30,2,0,4,14,0,0,0,1,0,0,0,0,1,0,0,0,0,0,0,0,0,0,0,0,0,-1,-1,-1,-1,-1,0,0,0,-1,0,-1
http://nexttech-solutions-pdf.google.com/products/api,2,2,4,53,2,2,10,33,0,0,0,2,0,0,0,0,13,0,0,0,0,0,0,0,0,3,0,0,0,-1,-1,-1,874276200,1852497000,0,0,0,-1,0,-1
https://www.webflow.com/data/data,2,0,4,33,2,0,3,15,0,0,0,2,0,0,0,0,10,0,0,0,0,0,0,0,0,4,0,0,0,0.1002967357635498,-1,"""52.5.32.12"",""14618"",""52.4.0.0/14"",""AMAZON-AES,",1049118393,1872973799,3,4,5,29,1,1
https://kucinlogjiini.gitbook.net/?session=7527&page=1044,2,0,3,57,2,0,10,25,0,0,0,1,0,0,0,0,1,0,0,0,0,0,0,0,0,0,0,1,22,-1,-1,-1,1444429754,1760048954,0,0,0,-1,0,-1
https://sso-robinhood--auth.us-usps-ktren.org:8080/home/data?page=9356,2,5,4,70,2,5,11,42,0,0,0,2,0,0,0,0,10,0,0,0,0,0,0,0,0,4,0,0,9,-1,-1,-1,-1,-1,0,0,0,-1,0,-1
https://apricotmelly.realestateonline.org:80/,2,0,3,45,2,0,13,36,0,0,0,1,0,0,0,0,1,0,0,0,0,0,0,0,0,0,0,0,0,-1,-1,-1,-1,-1,0,0,0,-1,0,-1
https://dobreusluge.bit.io/#content,2,0,3,35,2,0,8,18,0,0,0,1,0,0,0,0,1,0,0,0,0,0,0,0,0,0,0,0,0,-1,-1,-1,1146458641,1903841041,0,0,0,-1,0,-1
http://bafybeidg2kt7gtu3mtxxpecr.godaddysites.gov/api/data?session=6877&id=7706&ref=1068,2,0,4,88,2,0,10,42,0,0,0,2,0,0,0,0,9,0,0,0,0,0,0,0,0,4,0,2,29,-1,-1,-1,-1,-1,0,0,0,-1,0,-1
https://pub-a46d07defbb247079df26.tinyurl.gov/data/profile#section,2,1,4,66,2,1,6,37,0,0,0,2,0,0,0,0,13,0,0,0,0,0,0,0,0,7,0,0,0,-1,-1,-1,-1,-1,0,0,0,-1,0,-1
http://docs.firebaseapp.io/,2,0,3,27,2,0,8,19,0,0,0,1,0,0,0,0,1,0,0,0,0,0,0,0,0,0,0,0,0,-1,-1,-1,-1,-1,0,0,0,-1,0,-1
https://new.almardoof.io/contact?id=8953,2,0,3,40,2,0,7,16,0,0,0,1,0,0,0,0,8,0,0,0,0,0,0,0,0,7,0,0,7,-1,-1,-1,-1,-1,0,0,0,-1,0,-1
https://pub-1c42c7b14395495bbde1a.weeblysite.net/,2,1,3,49,2,1,8,40,0,0,0,1,0,0,0,0,1,0,0,0,0,0,0,0,0,0,0,0,0,-1,-1,-1,-1,-1,0,0,0,-1,0,-1
https://bussinessadscentersupport.workers.io/about/profile/search?id=4946&ref=3839&page=9243,2,0,5,92,2,0,12,36,0,0,0,3,0,0,0,0,21,0,0,0,0,0,0,0,0,6,0,2,26,0.0,1,"""13.248.169.48"",""16509"",""13.248.160.0/20"",""AMAZON-02,",1679413951,1774108351,2,2,0,2553,0,-1
http://docs.blogspot.edu/profile?session=1628&page=5611,2,0,3,55,2,0,5,17,0,0,0,1,0,0,0,0,8,0,0,0,0,0,0,0,0,7,0,1,22,-1,-1,-1,-1,-1,0,0,0,-1,0,-1
http://pub-871815afebeb401f980de.weebly.info/api,2,1,3,48,2,1,9,37,0,0,0,1,0,0,0,0,4,0,0,0,0,0,0,0,0,3,0,0,0,0.007966995239257812,1,"""13.248.169.48"",""16509"",""13.248.160.0/20"",""AMAZON-02,",1740044727,1771580727,2,2,0,2556,0,0
https://docs.bit.io/contact/products,2,0,4,36,2,0,4,11,0,0,0,2,0,0,0,0,17,0,0,0,0,0,0,0,0,8,0,0,0,0.3527200222015381,-1,"""104.16.241.118"",""13335"",""104.16.240.0/20"",""CLOUDFLARENET,",1146458641,1903841041,2,0,0,371,0,-1
http://docs.google.xyz/services/about#section,2,0,4,45,2,0,4,15,0,0,0,2,0,0,0,0,15,0,0,0,0,0,0,0,0,5,0,0,0,-1,-1,-1,1400567691,1764181799,0,0,0,-1,0,-1
http://new.adobe.edu/,2,0,3,21,2,0,6,13,0,0,0,1,0,0,0,0,1,0,0,0,0,0,0,0,0,0,0,0,0,-1,-1,-1,-1,-1,0,0,0,-1,0,-1
https://ksz.serv00.com/services/services/about?session=9928,2,0,5,59,2,0,2,14,0,0,0,3,0,0,0,0,24,0,0,0,0,0,0,0,0,5,0,0,12,0.0,1,"""128.204.218.63"",""57367"",""128.204.218.0/24"",""ECO-ATMAN-PL",1526056932,1746981732,1,2,1,2564,1,1
http://pub-f5b0a0a4fa2e477aa91d8.gitbook.io/contact/api#top,2,1,4,59,2,1,12,36,0,0,0,2,0,0,0,0,12,0,0,0,0,0,0,0,0,3,0,0,0,0.041676998138427734,-1,"""104.18.40.47"",""13335"",""104.18.40.0/24"",""CLOUDFLARENET,",1396139949,1774831149,2,0,0,35,1,1
http://docs.weebly.com/services,2,0,3,31,2,0,4,15,0,0,0,1,0,0,0,0,9,0,0,0,0,0,0,0,0,8,0,0,0,0.0110321044921875,-1,"""74.115.51.8"",""27647"",""74.115.51.0/24"",""WEEBLY,",1143572107,1774720507,2,0,0,2565,1,0
http://melkonjlo.biz.edu/api/home/products?page=1225&session=6761,2,0,5,65,2,0,6,17,0,0,0,3,0,0,0,0,18,0,0,0,0,0,0,0,0,8,0,1,22,-1,-1,-1,-1,-1,0,0,0,-1,0,-1
https://metanhmasklogin.firebaseapp.info/contact/api/search#section,2,0,5,67,2,0,12,32,0,0,0,3,0,0,0,0,19,0,0,0,0,0,0,0,0,6,0,0,0,-1,-1,-1,-1,-1,0,0,0,-1,0,-1
https://www.wixsite.edu/?id=6930#section,2,0,3,40,2,0,5,15,0,0,0,1,0,0,0,0,1,0,0,0,0,0,0,0,0,0,0,0,7,-1,-1,-1,-1,-1,0,0,0,-1,0,-1
http://aol-100735.gitbook.edu:80/contact/contact/search#section,2,1,5,63,2,1,7,25,0,0,0,3,0,0,0,0,23,0,0,0,0,0,0,0,0,6,0,0,0,-1,-1,-1,-1,-1,0,0,0,-1,0,-1
https://project-protl.estafeste.info:80/data?id=4855&page=3528#main,2,1,3,67,2,1,9,31,0,0,0,1,0,0,0,0,5,0,0,0,0,0,0,0,0,4,0,1,17,-1,-1,-1,-1,-1,0,0,0,-1,0,-1
https://doufatin.weebly.org/about?id=4091,2,0,3,41,2,0,7,19,0,0,0,1,0,0,0,0,6,0,0,0,0,0,0,0,0,5,0,0,7,-1,-1,-1,1162932390,1762548390,0,0,0,-1,0,-1
http://mentamsikextesn.webflow.net/#content,2,0,3,43,2,0,8,27,0,0,0,1,0,0,0,0,1,0,0,0,0,0,0,0,0,0,0,0,0,-1,-1,-1,1005226657,1778279399,0,0,0,-1,0,-1
http://home-107685.pages.net/api/user#section,2,1,4,45,2,1,5,21,0,0,0,2,0,0,0,0,9,0,0,0,0,0,0,0,0,4,0,0,0,0.00768733024597168,-1,"""199.59.243.228"",""16509"",""199.59.243.0/24"",""AMAZON-02,",798330600,1871418600,1,0,0,2569,1,0
https://bafybeicmgaarxydxzn5hpexa.weebly.com/services/data,2,0,4,58,2,0,10,36,0,0,0,2,0,0,0,0,14,0,0,0,0,0,0,0,0,4,0,0,0,0.006990194320678711,-1,"""74.115.51.8"",""27647"",""74.115.51.0/24"",""WEEBLY,",1143572107,1774720507,2,0,0,2574,1,0
https://pub-458e050fc52644c690a3e.estafetzm.net/about/user#content,2,1,4,66,2,1,8,39,0,0,0,2,0,0,0,0,11,0,0,0,0,0,0,0,0,4,0,0,0,-1,-1,-1,-1,-1,0,0,0,-1,0,-1
https://www.google.io/profile,2,0,3,29,2,0,5,13,0,0,0,1,0,0,0,0,8,0,0,0,0,0,0,0,0,7,0,0,0,0.04273486137390137,-1,"""142.251.42.3"",""15169"",""142.251.42.0/24"",""GOOGLE,",1033414200,1759174200,1,0,0,33,1,0
https://docs.github.xyz:8080/contact/services/api?session=4899,2,0,5,62,2,0,3,20,0,0,0,3,0,0,0,0,21,0,0,0,0,0,0,0,0,3,0,0,12,-1,-1,-1,-1,-1,0,0,0,-1,0,-1
https://market-item87204672354.google.edu/?id=5754&page=9234,2,1,3,60,2,1,9,33,0,0,0,1,0,0,0,0,1,0,0,0,0,0,0,0,0,0,0,1,17,-1,-1,-1,-1,-1,0,0,0,-1,0,-1
http://behuuj.bit.gov/services?session=5809&id=4180,2,0,3,51,2,0,5,14,0,0,0,1,0,0,0,0,9,0,0,0,0,0,0,0,0,8,0,1,20,-1,-1,-1,-1,-1,0,0,0,-1,0,-1
http://pub-7d6c1d77aa7d4d7aaea9b.ead.xyz/contact/user,2,1,4,53,2,1,9,33,0,0,0,2,0,0,0,0,13,0,0,0,0,0,0,0,0,4,0,0,0,0.5730535984039307,-1,"""76.223.54.146"",""16509"",""76.223.48.0/20"",""AMAZON-02,",1636482208,1762712999,2,2,0,4474,0,0
http://ad2856b9b0e7b744c59c43afe.myhermesrp.org/user,2,0,3,52,2,0,7,40,0,0,0,1,0,0,0,0,5,0,0,0,0,0,0,0,0,4,0,0,0,-1,-1,-1,-1,-1,0,0,0,-1,0,-1
http://docs.workers.io/?page=4352,2,0,3,33,2,0,5,15,0,0,0,1,0,0,0,0,1,0,0,0,0,0,0,0,0,0,0,0,9,0.5747330188751221,1,"""13.248.169.48"",""16509"",""13.248.160.0/20"",""AMAZON-02,",1679413951,1774108351,2,2,0,4496,0,0
https://nodedapps.web.xyz/?session=5970&ref=7290#section,2,0,3,56,2,0,4,17,0,0,0,1,0,0,0,0,1,0,0,0,0,0,0,0,0,0,0,1,21,0.6395540237426758,1,API,1623873136,1750184999,2,2,1,4475,0,-1
https://bafybeihzsau5h6ck2jjj256s.mybluehost.edu/profile#top,2,0,3,60,2,0,10,40,0,0,0,1,0,0,0,0,8,0,0,0,0,0,0,0,0,7,0,0,0,-1,-1,-1,-1,-1,0,0,0,-1,0,-1
https://pub-63526aab5232424fbeee5.corazonistas.com/api/profile#content,2,1,4,70,2,1,12,42,0,0,0,2,0,0,0,0,12,0,0,0,0,0,0,0,0,7,0,0,0,-1,-1,-1,1021364474,1747210874,0,0,0,-1,0,-1
http://mettaaasoskloggun.raindropsuaritma.net/home/api?session=9438&id=2337,2,0,4,75,2,0,15,38,0,0,0,2,0,0,0,0,9,0,0,0,0,0,0,0,0,3,0,1,20,-1,-1,-1,-1,-1,0,0,0,-1,0,-1
http://new.web.com/profile/user/search#content,2,0,5,46,2,0,3,11,0,0,0,3,0,0,0,0,20,0,0,0,0,0,0,0,0,6,0,0,0,-1,-1,-1,836260200,2003783400,0,0,0,-1,0,-1
http://swisspasshilferechung.gitbook.io/about/about/contact?page=4265,2,0,5,69,2,0,11,32,0,0,0,3,0,0,0,0,20,0,0,0,0,0,0,0,0,7,0,0,9,0.31421470642089844,-1,API,1396139949,1774831149,2,0,0,373,1,1
http://pub-c49a4fb9b3024270b6b23.wixsite.com/profile/products/services,2,1,5,70,2,1,6,37,0,0,0,3,0,0,0,0,26,0,0,0,0,0,0,0,0,8,0,0,0,0.2852754592895508,-1,API,-1,-1,1,0,0,619,1,1
https://lledgerwalstlive.uspsvlo.edu:8080/products/contact?ref=1673&id=8895&session=3414#top,2,0,4,92,2,0,9,33,0,0,0,2,0,0,0,0,17,0,0,0,0,0,0,0,0,7,0,2,29,-1,-1,-1,-1,-1,0,0,0,-1,0,-1
https://yoroiawlert.wixsite.io/products/profile/user#content,2,0,5,60,2,0,10,22,0,0,0,3,0,0,0,0,22,0,0,0,0,0,0,0,0,4,0,0,0,0.8497476577758789,1,API,1681395433,1776089833,1,2,1,4496,1,1
http://aauth----sso-ku--kucoi.estafatg.net:443/?page=8403&session=1729#top,2,7,3,74,2,7,12,39,0,0,0,1,0,0,0,0,1,0,0,0,0,0,0,0,0,0,0,1,22,-1,-1,-1,-1,-1,0,0,0,-1,0,-1
http://h67j6h5g6h7j65rrg.postalservicg.xyz/about,2,0,3,48,2,0,4,35,0,0,0,1,0,0,0,0,6,0,0,0,0,0,0,0,0,5,0,0,0,-1,-1,-1,-1,-1,0,0,0,-1,0,-1
http://docs.weeblysite.com/contact#content,2,0,3,42,2,0,6,19,0,0,0,1,0,0,0,0,8,0,0,0,0,0,0,0,0,7,0,0,0,0.259584903717041,-1,API,1355870242,1766097442,2,0,0,4498,1,1
http://docs.weebly.com/contact/search?id=1714&page=9030,2,0,4,55,2,0,4,15,0,0,0,2,0,0,0,0,15,0,0,0,0,0,0,0,0,6,0,1,17,0.0,-1,API,1143572107,1774720507,2,0,0,2383,1,0
https://maillboz.vercel.net/?page=7979&ref=9454&id=4592#section,2,0,3,63,2,0,6,19,0,0,0,1,0,0,0,0,1,0,0,0,0,0,0,0,0,0,0,2,26,-1,-1,-1,1107618144,1770306144,0,0,0,-1,0,-1
https://itrustecapitallognen.firebaseapp.xyz/search/products#section,2,0,4,68,2,0,13,36,0,0,0,2,0,0,0,0,16,0,0,0,0,0,0,0,0,8,0,0,0,-1,-1,-1,-1,-1,0,0,0,-1,0,-1
https://webledggeerlive-app.sabaarmeh.xyz/,2,1,3,42,2,1,11,33,0,0,0,1,0,0,0,0,1,0,0,0,0,0,0,0,0,0,0,0,0,-1,-1,-1,-1,-1,0,0,0,-1,0,-1
http://app3-smsvn.wixsite.edu/home/products/data,2,1,5,48,2,1,6,22,0,0,0,3,0,0,0,0,19,0,0,0,0,0,0,0,0,4,0,0,0,-1,-1,-1,-1,-1,0,0,0,-1,0,-1
http://telstra-109875.google.com/search/search/home?id=6931&session=3388#content,2,1,5,80,2,1,6,25,0,0,0,3,0,0,0,0,19,0,0,0,0,0,0,0,0,4,0,1,20,-1,-1,-1,874276200,1852497000,0,0,0,-1,0,-1
https://auth--start---ttrezor.weeblysite.edu/profile,2,5,3,52,2,5,11,36,0,0,0,1,0,0,0,0,8,0,0,0,0,0,0,0,0,7,0,0,0,-1,-1,-1,-1,-1,0,0,0,-1,0,-1
http://pub-27aec06579c54f4193bb2.pages.gov/user/services,2,1,4,56,2,1,6,35,0,0,0,2,0,0,0,0,14,0,0,0,0,0,0,0,0,8,0,0,0,-1,-1,-1,-1,-1,0,0,0,-1,0,-1
http://docs.google.io/services/contact?ref=7813#content,2,0,4,55,2,0,6,14,0,0,0,2,0,0,0,0,17,0,0,0,0,0,0,0,0,7,0,0,8,-1,-1,-1,1033414200,1759174200,0,0,0,-1,0,-1
http://aks34.google.edu/services,2,0,3,32,2,0,6,16,0,0,0,1,0,0,0,0,9,0,0,0,0,0,0,0,0,8,0,0,0,-1,-1,-1,-1,-1,0,0,0,-1,0,-1
https://rebolixas.formstack.info/contact/home/services?page=2609&id=3671&session=6617,2,0,5,85,2,0,8,24,0,0,0,3,0,0,0,0,22,0,0,0,0,0,0,0,0,8,0,2,30,-1,-1,-1,1675285847,1738444247,0,0,0,-1,0,-1
https://docs.gitbook.info/?session=7545,2,0,3,39,2,0,6,17,0,0,0,1,0,0,0,0,1,0,0,0,0,0,0,0,0,0,0,0,12,-1,-1,-1,1714188360,1745724360,0,0,2,-1,0,-1
http://standarappdailydemonows.pages.xyz/,2,0,3,41,2,0,10,33,0,0,0,1,0,0,0,0,1,0,0,0,0,0,0,0,0,0,0,0,0,0.6065821647644043,1,API,1637748519,1764008999,2,2,0,4497,0,0
http://help-docs-content-l--edge.list-manage.net:8080/services?id=7731&session=2528,2,6,3,83,2,6,11,46,0,0,0,1,0,0,0,0,9,0,0,0,0,0,0,0,0,8,0,1,20,-1,-1,-1,-1,-1,0,0,0,-1,0,-1
http://zuza.gitbook.xyz/api/user,2,0,4,32,2,0,5,16,0,0,0,2,0,0,0,0,9,0,0,0,0,0,0,0,0,4,0,0,0,0.4555172920227051,-1,API,1717423267,1748975399,1,0,0,368,0,0
http://app-b-cdn--s-bitbuy.pages.net/?page=2320&id=2588&session=6433,2,5,3,68,2,5,6,29,0,0,0,1,0,0,0,0,1,0,0,0,0,0,0,0,0,0,0,2,30,2.1149210929870605,-1,API,798330600,1871418600,1,0,0,4493,1,0
https://att-101397.google.com/home,2,1,3,34,2,1,5,21,0,0,0,1,0,0,0,0,5,0,0,0,0,0,0,0,0,4,0,0,0,-1,-1,-1,874276200,1852497000,0,0,0,-1,0,-1
https://1ckz54clx.blogspot.xyz/user/user,2,0,4,40,2,0,2,22,0,0,0,2,0,0,0,0,10,0,0,0,0,0,0,0,0,4,0,0,0,0.7741706371307373,-1,API,1701788042,1828031399,1,0,0,743,0,-1
http://pub-d7750fdf7a7342e695b96.web.edu/user/products?id=6289,2,1,4,62,2,1,6,33,0,0,0,2,0,0,0,0,14,0,0,0,0,0,0,0,0,8,0,0,7,-1,-1,-1,-1,-1,0,0,0,-1,0,-1
https://live-leddgerlogin.pages.info/home/about,2,1,4,47,2,1,10,28,0,0,0,2,0,0,0,0,11,0,0,0,0,0,0,0,0,5,0,0,0,-1,-1,-1,1001059499,1758441899,0,0,0,-1,0,-1
https://wallet-ledgerrh.expressposta.com/search/api/api,2,1,5,55,2,1,9,32,0,0,0,3,0,0,0,0,15,0,0,0,0,0,0,0,0,3,0,0,0,-1,-1,-1,1606118503,1763884903,0,0,0,-1,0,-1
http://docs.com.gov/products/api/services,2,0,5,41,2,0,3,12,0,0,0,3,0,0,0,0,22,0,0,0,0,0,0,0,0,8,0,0,0,-1,-1,-1,-1,-1,0,0,0,-1,0,-1
http://home-101662.radpak.io/about?id=3611&session=7537&page=5151#section,2,1,3,73,2,1,6,21,0,0,0,1,0,0,0,0,6,0,0,0,0,0,0,0,0,5,0,2,30,-1,-1,-1,-1,-1,0,0,0,-1,0,-1
http://provi-comprasnet.firebaseapp.io/profile/services,2,1,4,55,2,1,12,31,0,0,0,2,0,0,0,0,17,0,0,0,0,0,0,0,0,8,0,0,0,-1,-1,-1,-1,-1,0,0,0,-1,0,-1
https://pub-425f9d5ff3064e3089f43.workers.io/api/about,2,1,4,54,2,1,6,36,0,0,0,2,0,0,0,0,10,0,0,0,0,0,0,0,0,5,0,0,0,0.7300801277160645,1,API,1679413951,1774108351,2,2,0,4496,0,-1
https://splendidmaildomainnameser.mypixieset.xyz/products?session=3359&ref=3874&id=6644#section,2,0,3,95,2,0,14,40,0,0,0,1,0,0,0,0,9,0,0,0,0,0,0,0,0,8,0,2,29,-1,-1,-1,-1,-1,0,0,0,-1,0,-1
http://metamaskwallett.gitbook.xyz/search?ref=9977&page=3921&session=6325,2,0,3,73,2,0,8,27,0,0,0,1,0,0,0,0,7,0,0,0,0,0,0,0,0,6,0,2,31,0.46154189109802246,-1,API,1717423267,1748975399,1,0,0,371,0,0
http://miatsseskslgenu.gitbook.io:443/data#content,2,0,3,50,2,0,10,30,0,0,0,1,0,0,0,0,5,0,0,0,0,0,0,0,0,4,0,0,0,-1,-1,-1,-1,-1,0,0,0,-1,0,0
http://129.google.org/?page=8296,2,0,3,32,2,0,4,14,0,0,0,1,0,0,0,0,1,0,0,0,0,0,0,0,0,0,0,0,9,-1,-1,-1,908922600,1760913000,0,0,0,-1,0,-1
https://pub-e4326711575e4b5d8577b.nftstorage.gov/services/search,2,1,4,64,2,1,7,40,0,0,0,2,0,0,0,0,16,0,0,0,0,0,0,0,0,6,0,0,0,-1,-1,-1,-1,-1,0,0,0,-1,0,-1
https://eagtjjucl.webflow.com/search?page=4056,2,0,3,46,2,0,6,21,0,0,0,1,0,0,0,0,7,0,0,0,0,0,0,0,0,6,0,0,9,0.05591130256652832,-1,API,1049118393,1872973799,3,0,0,73,1,0
https://sso-cdn-r-coinbasepro--tx.ebayreopenready.io/?ref=4957&id=4223,2,5,3,70,2,5,15,44,0,0,0,1,0,0,0,0,1,0,0,0,0,0,0,0,0,0,0,1,16,-1,-1,-1,-1,-1,0,0,0,-1,0,-1
https://krakaenloeigine.google.info/services#main,2,0,3,49,2,0,13,27,0,0,0,1,0,0,0,0,9,0,0,0,0,0,0,0,0,8,0,0,0,-1,-1,-1,996604070,1753986470,0,0,0,-1,0,-1
https://docs.com.xyz/?session=3936,2,0,3,34,2,0,2,12,0,0,0,1,0,0,0,0,1,0,0,0,0,0,0,0,0,0,0,0,12,0.6127209663391113,1,API,1477516798,1824661799,1,4,5,372,0,-1
http://robertvilliardhousing.weebly.io/api/user,2,0,4,47,2,0,12,31,0,0,0,2,0,0,0,0,9,0,0,0,0,0,0,0,0,4,0,0,0,-1,-1,-1,1398360205,1745515404,0,0,0,-1,0,-1
https://devbr-7de68.web.edu:8080/api/profile,2,1,4,44,2,1,5,24,0,0,0,2,0,0,0,0,12,0,0,0,0,0,0,0,0,7,0,0,0,-1,-1,-1,-1,-1,0,0,0,-1,0,-1
http://reagan-104028.weeblysite.gov/,2,1,3,36,2,1,8,28,0,0,0,1,0,0,0,0,1,0,0,0,0,0,0,0,0,0,0,0,0,-1,-1,-1,-1,-1,0,0,0,-1,0,-1
https://helpmettacase1000.google.com/contact/search/home?session=4171#content,2,0,5,77,2,0,9,28,0,0,0,3,0,0,0,0,20,0,0,0,0,0,0,0,0,4,0,0,12,-1,-1,-1,874276200,1852497000,0,0,0,-1,0,-1
https://eciadalore.gitbook.gov/about,2,0,3,36,2,0,10,22,0,0,0,1,0,0,0,0,6,0,0,0,0,0,0,0,0,5,0,0,0,-1,-1,-1,-1,-1,0,0,0,-1,0,-1
https://helpmeg0d.webwave.edu/services/about/home,2,0,5,49,2,0,7,21,0,0,0,3,0,0,0,0,20,0,0,0,0,0,0,0,0,4,0,0,0,-1,-1,-1,-1,-1,0,0,0,-1,0,-1
https://app-donwload-ledguure.web.com/contact/products/contact#main,2,2,5,67,2,2,10,29,0,0,0,3,0,0,0,0,25,0,0,0,0,0,0,0,0,7,0,0,0,-1,-1,-1,836260200,2003783400,0,0,0,-1,0,-1
http://docs.q-r.org/about/about,2,1,4,31,2,1,2,12,0,0,0,2,0,0,0,0,12,0,0,0,0,0,0,0,0,5,0,0,0,0.5760970115661621,1,API,1415178007,1762333207,1,2,1,4498,0,0
http://hello-world-nameless-tree.com.com/products/data?ref=9080&session=4140&id=1062,2,3,4,84,2,3,10,33,0,0,0,2,0,0,0,0,14,0,0,0,0,0,0,0,0,4,0,2,29,0.4105677604675293,1,API,797725800,1776119400,3,0,2,372,1,0
https://metamekexxtnsion.webcindario.gov/api,2,0,3,44,2,0,12,32,0,0,0,1,0,0,0,0,4,0,0,0,0,0,0,0,0,3,0,0,0,-1,-1,-1,-1,-1,0,0,0,-1,0,-1
http://currentlyattyahoo736363.ùï•ùï°ùïùùï†.net/,2,0,3,40,2,0,7,32,0,0,0,1,0,0,0,0,1,0,0,0,0,0,0,0,0,0,0,0,0,0.45922136306762695,-1,API,1657913828,1752608228,1,0,0,2245,0,-1
http://129.bit.info:8080/data/user/user,2,0,5,39,2,0,3,17,0,0,0,3,0,0,0,0,15,0,0,0,0,0,0,0,0,4,0,0,0,-1,-1,-1,-1,-1,0,0,0,-1,0,-1
http://newmailwedomailautomateds.weebly.org/,2,0,3,44,2,0,15,36,0,0,0,1,0,0,0,0,1,0,0,0,0,0,0,0,0,0,0,0,0,-1,-1,-1,1162932390,1762548390,0,0,0,-1,0,-1
https://docs.weeblysite.net/services/services?session=2982&ref=9525&page=6083,2,0,4,77,2,0,6,19,0,0,0,2,0,0,0,0,18,0,0,0,0,0,0,0,0,8,0,2,31,-1,-1,-1,-1,-1,0,0,0,-1,0,-1
https://gold190384.studio.com/?session=5354&page=4424,2,0,3,53,2,0,5,21,0,0,0,1,0,0,0,0,1,0,0,0,0,0,0,0,0,0,0,1,22,-1,-1,-1,764983800,1806445800,0,0,0,-1,0,-1
http://securerediffupdatetem.wati.org/data,2,0,3,42,2,0,12,30,0,0,0,1,0,0,0,0,5,0,0,0,0,0,0,0,0,4,0,0,0,-1,-1,-1,874017000,1789079400,0,0,0,-1,0,-1
http://home-104098.ead.edu:8080/products/products?session=6196&page=7930#content,2,1,4,80,2,1,6,24,0,0,0,2,0,0,0,0,18,0,0,0,0,0,0,0,0,8,0,1,22,-1,-1,-1,-1,-1,0,0,0,-1,0,-1
https://ingreesar-aqui23.forms.org/search/profile/user,2,1,5,54,2,1,9,26,0,0,0,3,0,0,0,0,20,0,0,0,0,0,0,0,0,4,0,0,0,-1,-1,-1,871425000,1754951400,0,0,0,-1,0,-1
https://docs.google.io:443/home/api?id=2605,2,0,4,43,2,0,6,18,0,0,0,2,0,0,0,0,9,0,0,0,0,0,0,0,0,3,0,0,7,-1,-1,-1,-1,-1,0,0,0,-1,0,-1
http://btvoicceee.simdif.net:8080/?id=7921&page=3071&ref=8889,2,0,3,61,2,0,8,26,0,0,0,1,0,0,0,0,1,0,0,0,0,0,0,0,0,0,0,2,26,-1,-1,-1,-1,-1,0,0,0,-1,0,3
https://extn-matamsk--helps.gitbook.io/profile/services/search?session=8314&page=6067#content,2,3,5,93,2,3,9,30,0,0,0,3,0,0,0,0,24,0,0,0,0,0,0,0,0,6,0,1,22,0.43314456939697266,-1,API,1396139949,1774831149,2,0,0,372,1,1
https://loginn-metmaskk.wixsite.io/api/contact?session=1226,2,1,4,59,2,1,9,26,0,0,0,2,0,0,0,0,12,0,0,0,0,0,0,0,0,7,0,0,12,0.6185758113861084,1,API,1681395433,1776089833,1,2,1,4496,1,1
http://ledger-uiwllate.blogspot.xyz/profile/services#content,2,1,4,60,2,1,8,28,0,0,0,2,0,0,0,0,17,0,0,0,0,0,0,0,0,8,0,0,0,0.4171938896179199,-1,API,1701788042,1828031399,1,0,0,737,0,-1
http://trezorsetupready.gitbook.net:8080/contact/profile?ref=2811&session=7789#top,2,0,4,82,2,0,10,33,0,0,0,2,0,0,0,0,16,0,0,0,0,0,0,0,0,7,0,1,21,-1,-1,-1,-1,-1,0,0,0,-1,0,-1
https://connect-itrustcapital-auth-caom.webflow.net/search,2,3,3,58,2,3,14,43,0,0,0,1,0,0,0,0,7,0,0,0,0,0,0,0,0,6,0,0,0,-1,-1,-1,1005226657,1778279399,0,0,0,-1,0,-1
https://usoz.bqmpykdj.info/?ref=8210&session=4712&id=3527,2,0,3,57,2,0,4,18,0,0,0,1,0,0,0,0,1,0,0,0,0,0,0,0,0,0,0,2,29,-1,-1,-1,-1,-1,0,0,0,-1,0,-1
https://jidejaiyeola8-17252726316.cf-ipfs.org:80/products?ref=7901&page=8368&session=4338,2,2,3,89,2,2,9,40,0,0,0,1,0,0,0,0,9,0,0,0,0,0,0,0,0,8,0,2,31,-1,-1,-1,-1,-1,0,0,0,-1,0,-1
https://ett.ead.info/about/home/services#section,2,0,5,48,2,0,5,12,0,0,0,3,0,0,0,0,20,0,0,0,0,0,0,0,0,8,0,0,0,0.6401829719543457,1,API,1653046200,1747740600,2,2,0,4497,0,-1
http://hotmail-105150.webwave.gov/data/products,2,1,4,47,2,1,7,26,0,0,0,2,0,0,0,0,14,0,0,0,0,0,0,0,0,8,0,0,0,-1,-1,-1,-1,-1,0,0,0,-1,0,-1
https://nhj0652301.pages.com/products/about/contact?session=2137&id=5223&ref=9251#content,2,0,5,89,2,0,3,20,0,0,0,3,0,0,0,0,23,0,0,0,0,0,0,0,0,7,0,2,29,0.24828195571899414,1,API,661131000,1792145607,1,2,1,4497,0,-1
http://bafybeifqsh36unwsm63ybdzo.wixsite.io/,2,0,3,44,2,0,10,36,0,0,0,1,0,0,0,0,1,0,0,0,0,0,0,0,0,0,0,0,0,0.39733409881591797,1,API,1681395433,1776089833,1,2,1,4497,1,1
http://priceless-mccarthy-8674db.webcindario.gov/home/contact/user,2,2,5,66,2,2,10,41,0,0,0,3,0,0,0,0,18,0,0,0,0,0,0,0,0,4,0,0,0,-1,-1,-1,-1,-1,0,0,0,-1,0,-1
http://getting-started-with-meta.ticketing-att.net/?id=1194&ref=3179&page=6654,2,4,3,78,2,4,12,43,0,0,0,1,0,0,0,0,1,0,0,0,0,0,0,0,0,0,0,2,26,-1,-1,-1,-1,-1,0,0,0,-1,0,-1
https://fix-database.eltacourid.xyz/home/api/user?id=4618&page=2948&session=5165,2,1,5,80,2,1,10,27,0,0,0,3,0,0,0,0,14,0,0,0,0,0,0,0,0,4,0,2,30,-1,-1,-1,-1,-1,0,0,0,-1,0,-1
http://uszi.weeblysite.xyz/data,2,0,3,31,2,0,6,19,0,0,0,1,0,0,0,0,5,0,0,0,0,0,0,0,0,4,0,0,0,-1,-1,-1,-1,-1,0,0,0,-1,0,-1
https://help--support---metack--w.workers.org/contact,2,7,3,53,2,7,8,37,0,0,0,1,0,0,0,0,8,0,0,0,0,0,0,0,0,7,0,0,0,-1,-1,-1,822439800,1769297400,0,0,0,-1,0,-1
http://docs.ipfs.edu/user?id=5781&ref=1003&page=4209,2,0,3,52,2,0,4,13,0,0,0,1,0,0,0,0,5,0,0,0,0,0,0,0,0,4,0,2,26,-1,-1,-1,-1,-1,0,0,0,-1,0,-1
https://dsafasdh.pages.xyz/api/home?session=8904,2,0,4,48,2,0,4,18,0,0,0,2,0,0,0,0,9,0,0,0,0,0,0,0,0,4,0,0,12,0.4337596893310547,1,API,1637748519,1764008999,2,2,0,4497,0,-1
https://treezorwallete.square.com/products/home?ref=1152&id=2569&page=2571,2,0,4,74,2,0,10,25,0,0,0,2,0,0,0,0,14,0,0,0,0,0,0,0,0,4,0,2,26,-1,-1,-1,770682600,1748903400,0,0,0,-1,0,-1
https://docs.khjjfkui.gov/#section,2,0,3,34,2,0,4,17,0,0,0,1,0,0,0,0,1,0,0,0,0,0,0,0,0,0,0,0,0,-1,-1,-1,-1,-1,0,0,0,-1,0,-1
http://little-hat-6768.wixsite.edu/data?ref=3615&session=7805,2,2,3,61,2,2,8,27,0,0,0,1,0,0,0,0,5,0,0,0,0,0,0,0,0,4,0,1,21,-1,-1,-1,-1,-1,0,0,0,-1,0,-1
https://dev-7614646544.adobe.net/,2,1,3,33,2,1,5,24,0,0,0,1,0,0,0,0,1,0,0,0,0,0,0,0,0,0,0,0,0,-1,-1,-1,857345400,1772580600,0,0,0,-1,0,-1
http://docs.google.info/services?ref=1514#top,2,0,3,45,2,0,6,16,0,0,0,1,0,0,0,0,9,0,0,0,0,0,0,0,0,8,0,0,8,-1,-1,-1,996604070,1753986470,0,0,0,-1,0,-1
